{"SGD: 128,0.1": [0.6666666666666666, 0.7142857142857143, 0.8080808080808081, 0.7317073170731708, 0.481203007518797, 0.7225806451612902, 0.6530612244897959, 0.6842105263157895, 0.58, 0.5882352941176471, 0.6052631578947368, 0.7809110629067245], "SGD: 128,0.01": [0.6384976525821596, 0.47058823529411764, 0.7096774193548386, 0.651558073654391, 0.38333333333333336, 0.7195121951219512, 0.5, 0.6542056074766354, 0.3191489361702128, 0.34615384615384615, 0.5641025641025641, 0.7053364269141532], "SGD: 128,0.001": [0.57, 0.46153846153846156, 0.6436781609195402, 0.6464088397790055, 0.27777777777777785, 0.6754098360655738, 0.4838709677419355, 0.6, 0.32, 0.35820895522388063, 0.4615384615384615, 0.7554585152838429], "SGD: 128,0.0001": [0.5, 0.4406779661016949, 0.6019417475728156, 0.6016713091922006, 0.2931034482758621, 0.6538461538461539, 0.6486486486486486, 0.5645161290322581, 0.49484536082474223, 0.2456140350877193, 0.5747126436781609, 0.7549668874172185], "SGD: 256,0.1": [0.7289719626168223, 0.6086956521739131, 0.8409090909090908, 0.7168674698795181, 0.453125, 0.7484662576687117, 0.6250000000000001, 0.6981132075471698, 0.6296296296296295, 0.46428571428571425, 0.6857142857142857, 0.7665198237885462], "SGD: 256,0.01": [0.6321243523316061, 0.5084745762711864, 0.7380952380952381, 0.6742209631728046, 0.4126984126984127, 0.6645161290322581, 0.38095238095238093, 0.7000000000000001, 0.4356435643564357, 0.2622950819672131, 0.5, 0.7219730941704037], "SGD: 256,0.001": [0.6116504854368933, 0.37837837837837834, 0.6739130434782609, 0.6099706744868035, 0.3458646616541353, 0.6796116504854369, 0.47058823529411764, 0.592, 0.2857142857142857, 0.3773584905660377, 0.5121951219512195, 0.7368421052631579], "SGD: 256,0.0001": [0.43137254901960786, 0.5423728813559322, 0.6024096385542168, 0.5439093484419263, 0.10309278350515462, 0.6518987341772151, 0.4057971014492754, 0.6034482758620688, 0.27586206896551724, 0.21739130434782608, 0.4210526315789473, 0.7361419068736141]}