{"SGD: 32,0.1": [0.4473684210526316, 0.24561403508771928, 0.45454545454545453, 0.40590405904059046, 0.22388059701492538, 0.528735632183908, 0.5142857142857143, 0.297029702970297, 0.2181818181818182, 0.2790697674418604, 0.28169014084507044, 0.6457399103139012], "SGD: 32,0.01": [0.7684210526315789, 0.6037735849056604, 0.7599999999999999, 0.7267441860465116, 0.43333333333333335, 0.7333333333333334, 0.5714285714285715, 0.6, 0.4421052631578947, 0.5098039215686274, 0.5121951219512195, 0.7566371681415929], "SGD: 32,0.001": [0.6699507389162562, 0.4444444444444445, 0.7499999999999999, 0.6525679758308156, 0.26168224299065423, 0.6983240223463688, 0.4489795918367347, 0.6601941747572815, 0.3917525773195877, 0.16326530612244897, 0.49438202247191004, 0.7181818181818181], "SGD: 32,0.0001": [0.5829145728643217, 0.44444444444444436, 0.7157894736842104, 0.6360856269113151, 0.39999999999999997, 0.6006389776357827, 0.37931034482758624, 0.5128205128205129, 0.2921348314606742, 0.16666666666666669, 0.5581395348837208, 0.6984126984126985], "SGD: 64,0.1": [0.4656084656084657, 0.34782608695652173, 0.5287356321839081, 0.4875, 0.30656934306569344, 0.41964285714285715, 0.37209302325581395, 0.37209302325581395, 0.20634920634920637, 0.30303030303030304, 0.30303030303030304, 0.6770601336302895], "SGD: 64,0.01": [0.669811320754717, 0.6046511627906976, 0.8210526315789475, 0.6971428571428572, 0.3684210526315789, 0.7450980392156863, 0.5263157894736842, 0.7000000000000001, 0.4565217391304348, 0.56, 0.5833333333333334, 0.7870967741935484], "SGD: 64,0.001": [0.6326530612244897, 0.5833333333333334, 0.5918367346938775, 0.65, 0.3255813953488372, 0.6801346801346801, 0.4193548387096774, 0.7096774193548386, 0.49056603773584906, 0.4262295081967213, 0.5783132530120482, 0.7268623024830699], "SGD: 64,0.0001": [0.4943820224719101, 0.56, 0.6122448979591837, 0.6040609137055838, 0.30769230769230765, 0.6666666666666666, 0.5, 0.6500000000000001, 0.1, 0.32653061224489793, 0.5405405405405405, 0.7712418300653595]}