{"SGD: 32,0.1, Epoch: 0": [0.0, 0.0, 0.0, 0.0, 0.0, 0.019292604501607715, 0.0, 0.0, 0.0, 0.0, 0.08079552517091361, 0.6480891719745222], "SGD: 32,0.1, Epoch: 1": [0.0, 0.0, 0.0, 0.0, 0.0, 0.0, 0.0, 0.10186757215619695, 0.0, 0.0, 0.0, 0.0], "SGD: 32,0.1, Epoch: 2": [0.4843423799582463, 0.5283018867924527, 0.4276729559748428, 0.5751633986928105, 0.32768361581920913, 0.5601436265709157, 0.14814814814814814, 0.2242152466367713, 0.326530612244898, 0.20125786163522014, 0.41428571428571426, 0.7891268533772653], "SGD: 32,0.1, Epoch: 3": [0.39779005524861877, 0.4744186046511628, 0.4648648648648649, 0.5108958837772397, 0.2064516129032258, 0.5576208178438662, 0.36538461538461536, 0.20833333333333334, 0.3389830508474576, 0.3235294117647059, 0.4059405940594059, 0.8251192368839428], "SGD: 32,0.1, Epoch: 4": [0.4827586206896552, 0.5434782608695652, 0.45714285714285713, 0.6421207658321061, 0.18867924528301888, 0.6021798365122616, 0.29411764705882354, 0.26143790849673204, 0.4221105527638191, 0.41176470588235287, 0.3983739837398374, 0.8242811501597445], "SGD: 32,0.1, Epoch: 5": [0.5205479452054794, 0.5513513513513513, 0.5031446540880503, 0.6523297491039426, 0.21621621621621623, 0.6461538461538462, 0.22988505747126434, 0.25339366515837103, 0.4353741496598639, 0.3673469387755103, 0.5619834710743802, 0.8137254901960784], "SGD: 32,0.1, Epoch: 6": [0.6347031963470319, 0.7313432835820896, 0.578125, 0.6704384724186705, 0.39631336405529954, 0.664624808575804, 0.38961038961038963, 0.3766233766233766, 0.5026737967914439, 0.5, 0.5882352941176471, 0.8667687595712097], "SGD: 32,0.1, Epoch: 7": [0.6440677966101694, 0.5297297297297296, 0.6212121212121212, 0.6395759717314486, 0.39694656488549623, 0.6300578034682082, 0.25974025974025977, 0.24836601307189543, 0.4866920152091255, 0.125, 0.47474747474747475, 0.8089171974522292], "SGD: 32,0.1, Epoch: 8": [0.6103286384976525, 0.676470588235294, 0.5740740740740742, 0.6558441558441558, 0.35000000000000003, 0.6101694915254238, 0.3137254901960785, 0.33532934131736525, 0.5638766519823788, 0.46017699115044247, 0.5465116279069768, 0.8039376538146021], "SGD: 32,0.1, Epoch: 9": [0.6341463414634146, 0.5050505050505051, 0.6330935251798561, 0.6979655712050079, 0.412280701754386, 0.6052998605299861, 0.20454545454545456, 0.27631578947368424, 0.4948453608247423, 0.2716049382716049, 0.5235602094240838, 0.8068803752931979], "SGD: 32,0.1, Epoch: 10": [0.5134649910233393, 0.6717557251908396, 0.3846153846153846, 0.6357827476038339, 0.3380281690140845, 0.5946843853820598, 0.24390243902439027, 0.3115577889447236, 0.4621212121212121, 0.2637362637362637, 0.4678362573099415, 0.778894472361809], "SGD: 32,0.1, Epoch: 11": [0.6011787819253438, 0.588957055214724, 0.6290322580645161, 0.6623794212218649, 0.42533936651583715, 0.6144578313253013, 0.2588235294117647, 0.22077922077922077, 0.5414364640883977, 0.34188034188034183, 0.5490196078431373, 0.8106365834004834], "SGD: 32,0.1, Epoch: 12": [0.5792811839323467, 0.7, 0.5434782608695652, 0.6646058732612057, 0.26436781609195403, 0.5748502994011976, 0.1870503597122302, 0.2929292929292929, 0.36134453781512604, 0.276595744680851, 0.5373134328358209, 0.8289578361177407], "SGD: 32,0.1, Epoch: 13": [0.5872093023255814, 0.6811594202898551, 0.5052631578947367, 0.6439393939393939, 0.4236453201970443, 0.662251655629139, 0.3, 0.3690987124463519, 0.4444444444444445, 0.24324324324324323, 0.4945054945054946, 0.8339889850511408], "SGD: 32,0.1, Epoch: 14": [0.6174142480211083, 0.6046511627906976, 0.581081081081081, 0.6086956521739131, 0.4279475982532751, 0.6304000000000001, 0.27848101265822783, 0.3723404255319149, 0.5229357798165137, 0.34782608695652173, 0.43362831858407075, 0.8098647573587907]}