{"SGD: 64,0.001, Epoch: 0": [0.8875855327468232, 0.9562571319893496], "SGD: 64,0.001, Epoch: 1": [0.8990825688073395, 0.9629352302508424], "SGD: 64,0.001, Epoch: 2": [0.9183266932270916, 0.9690332326283988], "SGD: 64,0.001, Epoch: 3": [0.9212121212121213, 0.9706987227648385], "SGD: 64,0.001, Epoch: 4": [0.9127789046653143, 0.9677419354838709], "SGD: 64,0.001, Epoch: 5": [0.9154639175257733, 0.9694258016405667], "SGD: 64,0.001, Epoch: 6": [0.9241658240647118, 0.9718362748779571], "SGD: 64,0.001, Epoch: 7": [0.9226190476190477, 0.970499243570348], "SGD: 64,0.001, Epoch: 8": [0.9250749250749251, 0.971708789136175], "SGD: 64,0.001, Epoch: 9": [0.9177403369672943, 0.9685962920923193], "SGD: 64,0.001, Epoch: 10": [0.9145728643216079, 0.9680090327436959], "SGD: 64,0.001, Epoch: 11": [0.9089048106448312, 0.9667289719626168], "SGD: 64,0.001, Epoch: 12": [0.9219858156028369, 0.9711069418386492], "SGD: 64,0.001, Epoch: 13": [0.9162462159434914, 0.9688087185268696], "SGD: 64,0.001, Epoch: 14": [0.9096446700507616, 0.9666291713535808], "SGD: 64,0.001, Epoch: 15": [0.9175991861648015, 0.9696515548894716], "SGD: 64,0.001, Epoch: 16": [0.9196337741607326, 0.9704008992131885], "SGD: 64,0.001, Epoch: 17": [0.911854103343465, 0.9673545966228894], "SGD: 64,0.001, Epoch: 18": [0.9147442326980944, 0.9679849340866291], "SGD: 64,0.001, Epoch: 19": [0.9140546006066734, 0.9680811115283514], "SGD: 64,0.001, Epoch: 20": [0.9166666666666667, 0.9692653673163418], "SGD: 64,0.001, Epoch: 21": [0.9122098890010091, 0.9673055242390078], "SGD: 64,0.001, Epoch: 22": [0.9129129129129129, 0.9672069355446664], "SGD: 64,0.001, Epoch: 23": [0.9127789046653143, 0.9677419354838709], "SGD: 64,0.001, Epoch: 24": [0.9138804457953394, 0.9681050656660414], "SGD: 64,0.001, Epoch: 25": [0.9180990899898889, 0.9695831768681937], "SGD: 64,0.001, Epoch: 26": [0.9247967479674797, 0.9722638680659671]}