{"Adam: 64,0.0001, Epoch: 0": [0.9241516966067864, 0.9712339137017411], "Adam: 64,0.0001, Epoch: 1": [0.9425051334702258, 0.9790262172284644], "Adam: 64,0.0001, Epoch: 2": [0.9410548086866598, 0.9787075084049309], "Adam: 64,0.0001, Epoch: 3": [0.9338929695697795, 0.9765886287625418], "Adam: 64,0.0001, Epoch: 4": [0.94129763130793, 0.978675645342312], "Adam: 64,0.0001, Epoch: 5": [0.9287128712871286, 0.9726651480637813], "Adam: 64,0.0001, Epoch: 6": [0.8963531669865644, 0.9584934665641813], "Adam: 64,0.0001, Epoch: 7": [0.9267326732673268, 0.9719058466211086], "Adam: 64,0.0001, Epoch: 8": [0.9571428571428572, 0.9842342342342343], "Adam: 64,0.0001, Epoch: 9": [0.9465020576131687, 0.9805389221556886], "Adam: 64,0.0001, Epoch: 10": [0.9521871820956256, 0.9823374671176249], "Adam: 64,0.0001, Epoch: 11": [0.9363449691991788, 0.9767790262172285], "Adam: 64,0.0001, Epoch: 12": [0.9417879417879418, 0.9791200596569725], "Adam: 64,0.0001, Epoch: 13": [0.9498997995991985, 0.981103552532124], "Adam: 64,0.0001, Epoch: 14": [0.9322210636079249, 0.9757914338919925], "Adam: 64,0.0001, Epoch: 15": [0.9414141414141414, 0.9781461944235118], "Adam: 64,0.0001, Epoch: 16": [0.9399796541200408, 0.9778278842540399], "Adam: 64,0.0001, Epoch: 17": [0.9458917835671343, 0.9795918367346937], "Adam: 64,0.0001, Epoch: 18": [0.9438877755511023, 0.9788359788359788], "Adam: 64,0.0001, Epoch: 19": [0.9391480730223123, 0.9774266365688488], "Adam: 64,0.0001, Epoch: 20": [0.9409326424870467, 0.9787234042553191], "Adam: 64,0.0001, Epoch: 21": [0.9373695198329853, 0.9776619508562918], "Adam: 64,0.0001, Epoch: 22": [0.9445005045408679, 0.9792687523558236], "Adam: 64,0.0001, Epoch: 23": [0.9333333333333332, 0.9761549925484352], "Adam: 64,0.0001, Epoch: 24": [0.9447852760736196, 0.9797449362340584], "Adam: 64,0.0001, Epoch: 25": [0.9547738693467337, 0.9830124575311439], "Adam: 64,0.0001, Epoch: 26": [0.9454545454545454, 0.9796533534287869], "Adam: 64,0.0001, Epoch: 27": [0.9499489274770173, 0.9816135084427767], "Adam: 64,0.0001, Epoch: 28": [0.9493927125506074, 0.9811746987951807], "Adam: 64,0.0001, Epoch: 29": [0.9487704918032787, 0.9812593703148426], "Adam: 64,0.0001, Epoch: 30": [0.9380165289256198, 0.9775784753363229], "Adam: 64,0.0001, Epoch: 31": [0.9411764705882354, 0.9786915887850468], "Adam: 64,0.0001, Epoch: 32": [0.9476923076923077, 0.9808917197452228], "Adam: 64,0.0001, Epoch: 33": [0.9563451776649746, 0.9838285069575028], "Adam: 64,0.0001, Epoch: 34": [0.9451219512195121, 0.9796992481203008], "Adam: 64,0.0001, Epoch: 35": [0.9199218749999999, 0.9687022900763359], "Adam: 64,0.0001, Epoch: 36": [0.9461697722567288, 0.9805825242718446], "Adam: 64,0.0001, Epoch: 37": [0.9469387755102041, 0.9804804804804806], "Adam: 64,0.0001, Epoch: 38": [0.9405737704918032, 0.9782608695652173], "Adam: 64,0.0001, Epoch: 39": [0.9403437815975734, 0.9777777777777779], "Adam: 64,0.0001, Epoch: 40": [0.9445585215605751, 0.9797752808988763], "Adam: 64,0.0001, Epoch: 41": [0.948118006103764, 0.9808342728297632], "Adam: 64,0.0001, Epoch: 42": [0.8980769230769231, 0.9592933947772657], "Adam: 64,0.0001, Epoch: 43": [0.9397828232971372, 0.976814899277841], "Adam: 64,0.0001, Epoch: 44": [0.9373072970195271, 0.9771621115687007], "Adam: 64,0.0001, Epoch: 45": [0.9399796541200408, 0.9778278842540399], "Adam: 64,0.0001, Epoch: 46": [0.9287863590772317, 0.9731771817151492], "Adam: 64,0.0001, Epoch: 47": [0.7160493827160495, 0.9188426252646436], "Adam: 64,0.0001, Epoch: 48": [0.3074433656957929, 0.858559153998678], "Adam: 64,0.0001, Epoch: 49": [0.9411764705882353, 0.9781790820165538], "Adam: 64,0.001, Epoch: 0": [0.8184331797235023, 0.9230168034388433], "Adam: 64,0.001, Epoch: 1": [0.8120567375886525, 0.9157392686804452], "Adam: 64,0.001, Epoch: 2": [0.9135538954108858, 0.9700775766531216], "Adam: 64,0.001, Epoch: 3": [0.9045226130653267, 0.9641374103435258], "Adam: 64,0.001, Epoch: 4": [0.9330543933054393, 0.9761904761904762], "Adam: 64,0.001, Epoch: 5": [0.8489634748272458, 0.9418472063854048], "Adam: 64,0.001, Epoch: 6": [0.9153605015673981, 0.9698548567175288], "Adam: 64,0.001, Epoch: 7": [0.9064039408866994, 0.9638645872955496], "Adam: 64,0.001, Epoch: 8": [0.90382626680455, 0.9652596189764662], "Adam: 64,0.001, Epoch: 9": [0.9140624999999999, 0.966412213740458], "Adam: 64,0.001, Epoch: 10": [0.9142259414225942, 0.9694940476190477], "Adam: 64,0.001, Epoch: 11": [0.9151138716356108, 0.9693801344286782], "Adam: 64,0.001, Epoch: 12": [0.895405669599218, 0.9591758870660053], "Adam: 64,0.001, Epoch: 13": [0.9055501460564751, 0.9629346580053496], "Adam: 64,0.001, Epoch: 14": [0.9193054136874362, 0.9703564727954972], "Adam: 64,0.001, Epoch: 15": [0.8833333333333333, 0.950858034321373], "Adam: 64,0.001, Epoch: 16": [0.9041666666666667, 0.9657228017883754], "Adam: 64,0.001, Epoch: 17": [0.888888888888889, 0.9630712979890311], "Adam: 64,0.001, Epoch: 18": [0.9388164493480441, 0.9769550434454098], "Adam: 64,0.001, Epoch: 19": [0.9117341640706127, 0.9682954121596419], "Adam: 64,0.001, Epoch: 20": [0.9182643794147326, 0.9694685261967584], "Adam: 64,0.001, Epoch: 21": [0.9273858921161826, 0.9738805970149254], "Adam: 64,0.001, Epoch: 22": [0.87374749498998, 0.9523809523809523], "Adam: 64,0.001, Epoch: 23": [0.9380165289256198, 0.9775784753363229], "Adam: 64,0.001, Epoch: 24": [0.9085487077534792, 0.9651250947687642], "Adam: 64,0.001, Epoch: 25": [0.9202072538860104, 0.971257932064203], "Adam: 64,0.001, Epoch: 26": [0.9020771513353115, 0.9624003038359286], "Adam: 64,0.001, Epoch: 27": [0.9219712525667351, 0.9715355805243445], "Adam: 64,0.001, Epoch: 28": [0.9194214876033058, 0.9708520179372196], "Adam: 64,0.001, Epoch: 29": [0.930327868852459, 0.974512743628186], "Adam: 64,0.001, Epoch: 30": [0.909452736318408, 0.9655172413793104], "Adam: 64,0.001, Epoch: 31": [0.9085427135678392, 0.9656474141185354], "Adam: 64,0.001, Epoch: 32": [0.9144008056394763, 0.9679366276876651], "Adam: 64,0.001, Epoch: 33": [0.9235474006116207, 0.9718362748779571], "Adam: 64,0.001, Epoch: 34": [0.9042448173741363, 0.9631318890155834], "Adam: 64,0.001, Epoch: 35": [0.9138276553106213, 0.9674981103552531], "Adam: 64,0.001, Epoch: 36": [0.9260780287474333, 0.9730337078651685], "Adam: 64,0.001, Epoch: 37": [0.9136546184738955, 0.9675226586102718], "Adam: 64,0.001, Epoch: 38": [0.9246231155778895, 0.9716874292185731], "Adam: 64,0.001, Epoch: 39": [0.9315628192032687, 0.9748592870544089], "Adam: 64,0.001, Epoch: 40": [0.8736263736263736, 0.9459247648902822], "Adam: 64,0.001, Epoch: 41": [0.914, 0.9674735249621784], "Adam: 64,0.001, Epoch: 42": [0.917082917082917, 0.9685962920923193], "Adam: 64,0.001, Epoch: 43": [0.911219512195122, 0.9652539137075221], "Adam: 64,0.001, Epoch: 44": [0.9393939393939394, 0.9773926149208741], "Adam: 64,0.001, Epoch: 45": [0.9239881539980257, 0.9707335613835043], "Adam: 64,0.001, Epoch: 46": [0.914, 0.9674735249621784], "Adam: 64,0.001, Epoch: 47": [0.8898488120950325, 0.9624724061810154], "Adam: 64,0.001, Epoch: 48": [0.913894324853229, 0.9664378337147215], "Adam: 64,0.001, Epoch: 49": [0.9257028112449799, 0.9720543806646526], "Adam: 64,0.01, Epoch: 0": [0.865424430641822, 0.9514563106796117], "Adam: 64,0.01, Epoch: 1": [0.847884788478848, 0.9332806948282669], "Adam: 64,0.01, Epoch: 2": [0.6759002770083101, 0.7872727272727272], "Adam: 64,0.01, Epoch: 3": [0.8027210884353743, 0.9223709369024857], "Adam: 64,0.01, Epoch: 4": [0.8353863381858903, 0.9465648854961831], "Adam: 64,0.01, Epoch: 5": [0.8933717579250721, 0.9573568958893585], "Adam: 64,0.01, Epoch: 6": [0.8198970840480274, 0.9152542372881357], "Adam: 64,0.01, Epoch: 7": [0.8493771234428086, 0.9518290474465774], "Adam: 64,0.01, Epoch: 8": [0.7906976744186046, 0.8967213114754098], "Adam: 64,0.01, Epoch: 9": [0.7584615384615385, 0.8660409556313993], "Adam: 64,0.01, Epoch: 10": [0.8938223938223938, 0.9578220858895705], "Adam: 64,0.01, Epoch: 11": [0.9052631578947369, 0.9619084263178145], "Adam: 64,0.01, Epoch: 12": [0.8893093661305582, 0.9547738693467337],