{"SGD: 64,0.001, Epoch: 0": [0.8875855327468232, 0.9562571319893496], "SGD: 64,0.001, Epoch: 1": [0.8990825688073395, 0.9629352302508424], "SGD: 64,0.001, Epoch: 2": [0.9183266932270916, 0.9690332326283988], "SGD: 64,0.001, Epoch: 3": [0.9212121212121213, 0.9706987227648385], "SGD: 64,0.001, Epoch: 4": [0.9127789046653143, 0.9677419354838709], "SGD: 64,0.001, Epoch: 5": [0.9154639175257733, 0.9694258016405667], "SGD: 64,0.001, Epoch: 6": [0.9241658240647118, 0.9718362748779571], "SGD: 64,0.001, Epoch: 7": [0.9226190476190477, 0.970499243570348], "SGD: 64,0.001, Epoch: 8": [0.9250749250749251, 0.971708789136175], "SGD: 64,0.001, Epoch: 9": [0.9177403369672943, 0.9685962920923193], "SGD: 64,0.001, Epoch: 10": [0.9145728643216079, 0.9680090327436959], "SGD: 64,0.001, Epoch: 11": [0.9089048106448312, 0.9667289719626168], "SGD: 64,0.001, Epoch: 12": [0.9219858156028369, 0.9711069418386492], "SGD: 64,0.001, Epoch: 13": [0.9162462159434914, 0.9688087185268696], "SGD: 64,0.001, Epoch: 14": [0.9096446700507616, 0.9666291713535808], "SGD: 64,0.001, Epoch: 15": [0.9175991861648015, 0.9696515548894716], "SGD: 64,0.001, Epoch: 16": [0.9196337741607326, 0.9704008992131885], "SGD: 64,0.001, Epoch: 17": [0.911854103343465, 0.9673545966228894], "SGD: 64,0.001, Epoch: 18": [0.9147442326980944, 0.9679849340866291], "SGD: 64,0.001, Epoch: 19": [0.9140546006066734, 0.9680811115283514], "SGD: 64,0.001, Epoch: 20": [0.9166666666666667, 0.9692653673163418], "SGD: 64,0.001, Epoch: 21": [0.9122098890010091, 0.9673055242390078], "SGD: 64,0.001, Epoch: 22": [0.9129129129129129, 0.9672069355446664], "SGD: 64,0.001, Epoch: 23": [0.9127789046653143, 0.9677419354838709], "SGD: 64,0.001, Epoch: 24": [0.9138804457953394, 0.9681050656660414], "SGD: 64,0.001, Epoch: 25": [0.9180990899898889, 0.9695831768681937], "SGD: 64,0.001, Epoch: 26": [0.9247967479674797, 0.9722638680659671], "SGD: 64,0.001, Epoch: 27": [0.9215291750503019, 0.9706546275395034], "SGD: 64,0.001, Epoch: 28": [0.9064039408866994, 0.9639742131209709], "SGD: 64,0.001, Epoch: 29": [0.9139999999999999, 0.9675716440422323], "SGD: 64,0.001, Epoch: 30": [0.9167502507522568, 0.968738229755179], "SGD: 64,0.001, Epoch: 31": [0.9207317073170732, 0.9707646176911543], "SGD: 64,0.001, Epoch: 32": [0.9192422731804586, 0.9694224235560589], "SGD: 64,0.001, Epoch: 33": [0.9206030150753768, 0.9702672186676702], "SGD: 64,0.001, Epoch: 34": [0.9216867469879518, 0.9706325301204819], "SGD: 64,0.001, Epoch: 35": [0.9191919191919191, 0.9699474079639369], "SGD: 64,0.001, Epoch: 36": [0.9169169169169169, 0.968714662646061], "SGD: 64,0.001, Epoch: 37": [0.9127382146439318, 0.9672316384180791], "SGD: 64,0.001, Epoch: 38": [0.9129129129129129, 0.9672069355446664], "SGD: 64,0.001, Epoch: 39": [0.9123867069486405, 0.9672809326814592], "SGD: 64,0.001, Epoch: 40": [0.9177664974619288, 0.9696287964004497], "SGD: 64,0.001, Epoch: 41": [0.9098039215686273, 0.9650455927051672], "SGD: 64,0.001, Epoch: 42": [0.9191919191919191, 0.9699474079639369], "SGD: 64,0.001, Epoch: 43": [0.9186991869918699, 0.9700149925037481], "SGD: 64,0.001, Epoch: 44": [0.9181636726546906, 0.9690566037735848], "SGD: 64,0.001, Epoch: 45": [0.9196787148594378, 0.9698795180722892], "SGD: 64,0.001, Epoch: 46": [0.9232323232323233, 0.97145003756574], "SGD: 64,0.001, Epoch: 47": [0.9205702647657841, 0.9707865168539327], "SGD: 64,0.001, Epoch: 48": [0.9227642276422764, 0.9715142428785607], "SGD: 64,0.001, Epoch: 49": [0.9227642276422764, 0.9715142428785607], "SGD: 64,0.0001, Epoch: 0": [0.664576802507837, 0.8808905380333951], "SGD: 64,0.0001, Epoch: 1": [0.7816826411075612, 0.9244378916328788], "SGD: 64,0.0001, Epoch: 2": [0.8603696098562628, 0.9492158327109783], "SGD: 64,0.0001, Epoch: 3": [0.8812877263581488, 0.9556057185854026], "SGD: 64,0.0001, Epoch: 4": [0.8879837067209777, 0.9588014981273407], "SGD: 64,0.0001, Epoch: 5": [0.8925281473899693, 0.9607476635514018], "SGD: 64,0.0001, Epoch: 6": [0.8998988877654196, 0.9628238828389035], "SGD: 64,0.0001, Epoch: 7": [0.8957055214723926, 0.9618548990276741], "SGD: 64,0.0001, Epoch: 8": [0.9057750759878419, 0.9651031894934334], "SGD: 64,0.0001, Epoch: 9": [0.9072375127421, 0.9659303631598652], "SGD: 64,0.0001, Epoch: 10": [0.9061553985872857, 0.9650507328072153], "SGD: 64,0.0001, Epoch: 11": [0.9061553985872857, 0.9650507328072153], "SGD: 64,0.0001, Epoch: 12": [0.9065040650406504, 0.9655172413793104], "SGD: 64,0.0001, Epoch: 13": [0.9107692307692308, 0.9675009338812104], "SGD: 64,0.0001, Epoch: 14": [0.9054325955734407, 0.964635063957863], "SGD: 64,0.0001, Epoch: 15": [0.9199594731509624, 0.9703564727954972], "SGD: 64,0.0001, Epoch: 16": [0.9100204498977505, 0.9670905011219147], "SGD: 64,0.0001, Epoch: 17": [0.9057377049180328, 0.9656203288490285], "SGD: 64,0.0001, Epoch: 18": [0.9164969450101833, 0.9692883895131087], "SGD: 64,0.0001, Epoch: 19": [0.9122448979591836, 0.967814371257485], "SGD: 64,0.0001, Epoch: 20": [0.9131767109295199, 0.9682005237560792], "SGD: 64,0.0001, Epoch: 21": [0.9170040485829959, 0.9692192192192193], "SGD: 64,0.0001, Epoch: 22": [0.9175991861648015, 0.9696515548894716], "SGD: 64,0.0001, Epoch: 23": [0.9204081632653061, 0.9708083832335329], "SGD: 64,0.0001, Epoch: 24": [0.9175257731958764, 0.9701715137956749], "SGD: 64,0.0001, Epoch: 25": [0.9222903885480573, 0.9715781600598354], "SGD: 64,0.0001, Epoch: 26": [0.9211873080859775, 0.9712149532710281], "SGD: 64,0.0001, Epoch: 27": [0.9180990899898889, 0.9695831768681937], "SGD: 64,0.0001, Epoch: 28": [0.9149797570850203, 0.9684684684684685], "SGD: 64,0.0001, Epoch: 29": [0.9200819672131147, 0.9708520179372196], "SGD: 64,0.0001, Epoch: 30": [0.915736040609137, 0.9688788901387325], "SGD: 64,0.0001, Epoch: 31": [0.9122448979591836, 0.967814371257485], "SGD: 64,0.0001, Epoch: 32": [0.9152196118488254, 0.9689487467265244], "SGD: 64,0.0001, Epoch: 33": [0.91353001017294, 0.9681528662420382], "SGD: 64,0.0001, Epoch: 34": [0.9154639175257733, 0.9694258016405667], "SGD: 64,0.0001, Epoch: 35": [0.9193054136874361, 0.9704451926674149], "SGD: 64,0.0001, Epoch: 36": [0.9129554655870445, 0.9677177177177176], "SGD: 64,0.0001, Epoch: 37": [0.9146341463414636, 0.9685157421289354], "SGD: 64,0.0001, Epoch: 38": [0.9166666666666667, 0.9692653673163418], "SGD: 64,0.0001, Epoch: 39": [0.919917864476386, 0.970873786407767], "SGD: 64,0.0001, Epoch: 40": [0.9145728643216079, 0.9680090327436959], "SGD: 64,0.0001, Epoch: 41": [0.9105691056910569, 0.9670164917541231], "SGD: 64,0.0001, Epoch: 42": [0.9094608341810783, 0.9666541775946048], "SGD: 64,0.0001, Epoch: 43": [0.9153924566768603, 0.968925496068888], "SGD: 64,0.0001, Epoch: 44": [0.911854103343465, 0.9673545966228894], "SGD: 64,0.0001, Epoch: 45": [0.9150460593654043, 0.9689719626168224], "SGD: 64,0.0001, Epoch: 46": [0.9149797570850203, 0.9684684684684685], "SGD: 64,0.0001, Epoch: 47": [0.9171717171717172, 0.9691960931630353], "SGD: 64,0.0001, Epoch: 48": [0.915736040609137, 0.9688788901387325], "SGD: 64,0.0001, Epoch: 49": [0.9188640973630833, 0.9699924981245313], "SGD: 64,0.1, Epoch: 0": [0.9290853031860226, 0.9742441209406494], "SGD: 64,0.1, Epoch: 1": [0.9397344228804902, 0.9779274223718668], "SGD: 64,0.1, Epoch: 2": [0.9369918699186992, 0.9767616191904048], "SGD: 64,0.1, Epoch: 3": [0.9416498993963783, 0.9781790820165538], "SGD: 64,0.1, Epoch: 4": [0.9501525940996948, 0.9816410640689396], "SGD: 64,0.1, Epoch: 5": [0.9414182939362795, 0.9787234042553191], "SGD: 64,0.1, Epoch: 6": [0.9354166666666667, 0.9769687964338781], "SGD: 64,0.1, Epoch: 7": [0.9470468431771896, 0.9805243445692884], "SGD: 64,0.1, Epoch: 8": [0.9392378990731205, 0.977993286087281], "SGD: 64,0.1, Epoch: 9": [0.9408163265306122, 0.9782934131736526], "SGD: 64,0.1, Epoch: 10": [0.9387755102040816, 0.9775449101796407], "SGD: 64,0.1, Epoch: 11": [0.9404517453798766, 0.9783420463032114], "SGD: 64,0.1, Epoch: 12": [0.9429735234215886, 0.9790262172284644], "SGD: 64,0.1, Epoch: 13": [0.9482233502538071, 0.9808773903262091],