{"Adam: 32,0.0001": [0.9521829521829521, 0.983125458547322], "Adam: 32,0.001": [0.9051724137931034, 0.9681159420289855], "Adam: 32,0.01": [0.8692449355432781, 0.9454265949269792], "Adam: 32,0.1": [0.023622047244094488, 0.8440251572327044], "Adam: 64,0.0001": [0.9549180327868853, 0.9837758112094395], "Adam: 64,0.001": [0.9382716049382716, 0.9779086892488954], "Adam: 64,0.01": [0.8169491525423729, 0.9138755980861244], "Adam: 64,0.1": [0.0, 0.8446115288220551], "Adam: 128,0.0001": [0.9404255319148936, 0.9796215429403202]}