{"Adam: 32,0.0001": [0.9774872912127814, 0.9336188436830835], "Adam: 32,0.001": [0.9694767441860466, 0.9102564102564102], "Adam: 32,0.01": [0.9411764705882353, 0.8560747663551402], "Adam: 32,0.1": [0.8446115288220551, 0.0], "Adam: 64,0.0001": [0.9746926970354303, 0.9240780911062907], "Adam: 64,0.001": [0.972972972972973, 0.9221052631578948], "Adam: 64,0.01": [0.956397426733381, 0.8629213483146068], "Adam: 64,0.1": [0.8446115288220551, 0.0], "Adam: 128,0.0001": [0.9817384952520087, 0.9473684210526317], "Adam: 128,0.001": [0.9690424766018718, 0.9054945054945055], "Adam: 128,0.01": [0.9593727726300783, 0.8707482993197279], "Adam: 128,0.1": [0.8446115288220551, 0.0], "Adam: 256,0.0001": [0.9782293178519593, 0.9356223175965666]}