{"SGD: 32,0.1": [0.810949091839345, 0.8667754214246872, 0.9148494288681204, 0.8014072119613018, 0.47958477508650516, 0.7191011235955056, 0.7599687255668491, 0.7998955067920586, 0.6592274678111588, 0.705021940516821, 0.8461226146975234, 0.8376457207847596], "SGD: 32,0.01": [0.7538972655251726, 0.808724832214765, 0.8836091831286705, 0.7621359223300971, 0.41632036267472605, 0.6864064602960969, 0.7241899020346647, 0.7575367173408916, 0.5722763883001272, 0.6341463414634146, 0.8022988505747126, 0.8289659058889829], "SGD: 32,0.001": [0.7125382262996943, 0.7636165577342048, 0.83224043715847, 0.6912031688397424, 0.38763830599008015, 0.6488922268118662, 0.7004187285877427, 0.7099567099567098, 0.3916548127074443, 0.5462319615179049, 0.784751636503658, 0.800680464984406], "SGD: 32,0.0001": [0.6218362282878411, 0.7449088960342979, 0.7934444758406329, 0.6400825025782055, 0.378021978021978, 0.6274362818590704, 0.6621468926553673, 0.6643318965517241, 0.3953584749274762, 0.5209003215434084, 0.7762845849802371, 0.7896349958205628], "SGD: 64,0.1": [0.7635822376581494, 0.8672756582482537, 0.9082762256193991, 0.7710233029381965, 0.4707135250266241, 0.7099191480970223, 0.8001552192471867, 0.7844872462259239, 0.5444180522565321, 0.6133023975251353, 0.8565689031739654, 0.6637671462027435], "SGD: 64,0.01": [0.7087307410124725, 0.7688229056203606, 0.8664704308268665, 0.7292517006802721, 0.4098783634353114, 0.6689108910891088, 0.7288651942117288, 0.7547862575399947, 0.4869109947643979, 0.6160804020100503, 0.8302934179222838, 0.8313253012048193], "SGD: 64,0.001": [0.6595854922279791, 0.7716870675891431, 0.8332409972299168, 0.6747900543388768, 0.3900210822206605, 0.6475541299117884, 0.7125140924464487, 0.7097435897435899, 0.42336407553798855, 0.596423392943451, 0.7856257744733581, 0.784], "SGD: 64,0.0001": [0.6136708860759494, 0.6550449022715268, 0.7742112482853224, 0.6113655640373198, 0.33410672853828305, 0.6146984681016096, 0.6581888246628131, 0.6877351392024078, 0.3345291479820628, 0.46737967914438505, 0.7104874446085673, 0.7920403587443947], "SGD: 128,0.1": [0.7658049654466342, 0.811746198217095, 0.9030351866774108, 0.7842586085734364, 0.4562656194216351, 0.7039106145251397, 0.746360153256705, 0.7871379218708477, 0.6139613120269135, 0.6912263693650024, 0.8560915780866721, 0.8126561199000832], "SGD: 128,0.01": [0.6944851146900928, 0.8090117767537123, 0.8575297941495124, 0.7018906144496961, 0.4069423929098966, 0.6755277560594214, 0.7184170471841705, 0.787674779906784, 0.48114558472553703, 0.628992628992629, 0.8019441069258809, 0.8133561643835617], "SGD: 128,0.001": [0.608356290174472, 0.7615298087739033, 0.7831325301204819, 0.6592741935483871, 0.36217457886676874, 0.6061643835616438, 0.6859939759036143, 0.7042770926266072, 0.4786324786324786, 0.5504140282513394, 0.7668258792878853, 0.7951535643843337], "SGD: 128,0.0001": [0.5518937530742745, 0.7028073572120038, 0.7403846153846154, 0.5837928153717628, 0.2862669245647969, 0.5743428795606119, 0.596718809614651, 0.6339622641509434, 0.3947368421052631, 0.4527098831030818, 0.7101280558789289, 0.7743936830231247]}