{"Adam: 64,0.0001": [0.9552845528455284, 0.9837037037037037], "Adam: 64,0.001": [0.9590163934426229, 0.9852289512555391], "Adam: 64,0.01": [0.9515789473684211, 0.9831748354059986], "Adam: 64,0.1": [0.0, 0.845141065830721]}